Product url,Product Name,Product Price,Rating,Review,Product Description,ASIN,Manufacturer
https://www.amazon.in/sspa/click?ie=UTF8&spc=MTo4OTU4NDEzMjc4MDQ5NzM1OjE2OTAyNzQ2Njk6c3Bfc2VhcmNoX3RoZW1hdGljOjIwMDkwNjQ0OTk5NDA2OjowOjo&url=%2FCosmus-Tuxer-Laptop-Backpack-Compartments%2Fdp%2FB09HCK9MLX%2Fref%3Dsxin_17_pa_sp_search_thematic_sspa%3Fcontent-id%3Damzn1.sym.ad613068-4e07-4c11-9002-4e34465b1e37%253Aamzn1.sym.ad613068-4e07-4c11-9002-4e34465b1e37%26crid%3D2M096C61O4MLT%26cv_ct_cx%3Dbags%26keywords%3Dbags%26pd_rd_i%3DB09HCK9MLX%26pd_rd_r%3Dea1fee28-f3a6-4f4e-8f4a-da4c1e696408%26pd_rd_w%3Dl7Yf5%26pd_rd_wg%3DSKV4M%26pf_rd_p%3Dad613068-4e07-4c11-9002-4e34465b1e37%26pf_rd_r%3D20HTY7NK6TRGG0SYSVAM%26qid%3D1690274669%26sbo%3DRZvfv%252F%252FHxDF%252BO5021pAnSA%253D%253D%26sprefix%3Dba%252Caps%252C283%26sr%3D1-1-0ed3791a-248a-486c-a919-e58e3b366666-spons%26sp_csd%3Dd2lkZ2V0TmFtZT1zcF9zZWFyY2hfdGhlbWF0aWM%26psc%3D1,COSMUS Tuxer 38L Large Laptop Backpack With 3 Compartments,"₹1,692",4.1 out of 5 stars,303,"3 Large Compartments + 1 Easy access front Pocket with organizer section & 2 mesh side pocket<br>    Outer Fabric: Durable PU coated Polyester Fabric. Inner Fabric: Strong PU coated polyester fabtic<br>    Well cushioned Laptop compartment for upto 15.6 inch Laptop, and spacious enagh to carry for two days cloths<br>    Weight: 800gm; Dimensions: 13.00x18.75x9.50 inches (WxHxD); Warranty: 1 year Warranty against manufacturing defects.<br>    Pattern Name: Solid; Compartment Description: Up To 15 Inches; Age Range Description: Adult; Lining Description: Polyurethane; Water Resistance Level: Water Resistant<br>",B09HCK9MLX,COSMUSBAGSPVT.LTD.
https://www.amazon.in/sspa/click?ie=UTF8&spc=MTo4OTU4NDEzMjc4MDQ5NzM1OjE2OTAyNzQ2Njk6c3Bfc2VhcmNoX3RoZW1hdGljOjIwMDk3NTc5NTAxNzk4OjoxOjo&url=%2Fuppercase-ltrs-backpack-INVALID-DATA_red%2Fdp%2FB0B691HSL3%2Fref%3Dsxin_17_pa_sp_search_thematic_sspa%3Fcontent-id%3Damzn1.sym.ad613068-4e07-4c11-9002-4e34465b1e37%253Aamzn1.sym.ad613068-4e07-4c11-9002-4e34465b1e37%26crid%3D2M096C61O4MLT%26cv_ct_cx%3Dbags%26keywords%3Dbags%26pd_rd_i%3DB0B691HSL3%26pd_rd_r%3Dea1fee28-f3a6-4f4e-8f4a-da4c1e696408%26pd_rd_w%3Dl7Yf5%26pd_rd_wg%3DSKV4M%26pf_rd_p%3Dad613068-4e07-4c11-9002-4e34465b1e37%26pf_rd_r%3D20HTY7NK6TRGG0SYSVAM%26qid%3D1690274669%26sbo%3DRZvfv%252F%252FHxDF%252BO5021pAnSA%253D%253D%26sprefix%3Dba%252Caps%252C283%26sr%3D1-2-0ed3791a-248a-486c-a919-e58e3b366666-spons%26sp_csd%3Dd2lkZ2V0TmFtZT1zcF9zZWFyY2hfdGhlbWF0aWM%26psc%3D1,uppercase 14 Ltrs Medium (14.6 Inch) Laptop Backpack 2100EBP1 Roll Top Office College 3x More Water Repellent Sustainable Bags With Rainproof Zippers For Unisex,"₹3,299",4.2 out of 5 stars,167,"Care Instructions: Hand Wash Only    Handcrafted with care and made up of premium quality robust material    Wrinkle free bag and 3x more water resistant with Rainproof zippers; Trolley sleeve to securely place the bags on the luggage    Right sized with sturdy stitching; Dimension: (26.5 cm x 13.3 cm x 38.2); Warranty: 750 days international warranty    GRS certified for sustainability; The GRS (Global Recycled Standard) is intended for use with any product that contains at least 50% Recycled Material (License No. CMPY-158596)    Roll top wide opening for easy access; Padded laptop compartment fits up to 15”, Front Access pocket & Back padding with Air mesh",B0B691HSL3,AcefourAccessoriesPvt.Ltd.
https://www.amazon.in/sspa/click?ie=UTF8&spc=MTo4OTU4NDEzMjc4MDQ5NzM1OjE2OTAyNzQ2Njk6c3Bfc2VhcmNoX3RoZW1hdGljOjIwMTU3OTk0NzcyODk4OjoyOjo&url=%2FImpulse-Seacon-Lite-Resistant-Grey%2Fdp%2FB0C3MM9MPK%2Fref%3Dsxin_17_pa_sp_search_thematic_sspa%3Fcontent-id%3Damzn1.sym.ad613068-4e07-4c11-9002-4e34465b1e37%253Aamzn1.sym.ad613068-4e07-4c11-9002-4e34465b1e37%26crid%3D2M096C61O4MLT%26cv_ct_cx%3Dbags%26keywords%3Dbags%26pd_rd_i%3DB0C3MM9MPK%26pd_rd_r%3Dea1fee28-f3a6-4f4e-8f4a-da4c1e696408%26pd_rd_w%3Dl7Yf5%26pd_rd_wg%3DSKV4M%26pf_rd_p%3Dad613068-4e07-4c11-9002-4e34465b1e37%26pf_rd_r%3D20HTY7NK6TRGG0SYSVAM%26qid%3D1690274669%26sbo%3DRZvfv%252F%252FHxDF%252BO5021pAnSA%253D%253D%26sprefix%3Dba%252Caps%252C283%26sr%3D1-3-0ed3791a-248a-486c-a919-e58e3b366666-spons%26sp_csd%3Dd2lkZ2V0TmFtZT1zcF9zZWFyY2hfdGhlbWF0aWM%26psc%3D1,Impulse Seacon Lite 35L Laptop Backpack/Office Bag/School Bag/College Bag/Business Bag/Travel Backpack Water Resistant Fits Up to 16 Inch Laptop with 1 Year Warranty(Grey),"₹1,000",4.0 out of 5 stars,1,"Care Instructions: Wipe with Dry Cloth    SPACIOUS AND LIGHTWEIGHT: 35L CAPACITY Light weight & spacious 3 Compartment with laptop sleeves fits upto 16 Inch laptop, Multi Pockets to keep your essentials. Organizer pockets as per needs. . It has provision for holding bottles on both sides and has padded shoulder straps for your comfort.Made with strong yet light weight polyester fabric with heavy zippers    ERGONOMIC DESIGN: Thick cushioning around the shoulders and on the back panel makes the backpack super light and comfortable on the move. “S” Shaped shoulder strap distribute the weight of the backpack across your upper body. Stitched properly and Bartacks on every pressure point for extra durability    1 YEAR WARRANTY: The Impulse Travel backpack comes with 1 year of warranty    WATER RESISTANT MATERIAL: The Material ensures resistance to water entering from any direction.    MADE IN INDIA – Impulse Travel Backpack is fully manufactured in India and pass through stringent quality tests and checks",B0C3MM9MPK,
https://www.amazon.in/sspa/click?ie=UTF8&spc=MTo4OTU4NDEzMjc4MDQ5NzM1OjE2OTAyNzQ2Njk6c3Bfc2VhcmNoX3RoZW1hdGljOjIwMDk3NjEyMjMxODk4OjozOjo&url=%2Fuppercase-resistant-sustainable-Rainproof-Detachable%2Fdp%2FB0BC48NDJP%2Fref%3Dsxin_17_pa_sp_search_thematic_sspa%3Fcontent-id%3Damzn1.sym.ad613068-4e07-4c11-9002-4e34465b1e37%253Aamzn1.sym.ad613068-4e07-4c11-9002-4e34465b1e37%26crid%3D2M096C61O4MLT%26cv_ct_cx%3Dbags%26keywords%3Dbags%26pd_rd_i%3DB0BC48NDJP%26pd_rd_r%3Dea1fee28-f3a6-4f4e-8f4a-da4c1e696408%26pd_rd_w%3Dl7Yf5%26pd_rd_wg%3DSKV4M%26pf_rd_p%3Dad613068-4e07-4c11-9002-4e34465b1e37%26pf_rd_r%3D20HTY7NK6TRGG0SYSVAM%26qid%3D1690274669%26sbo%3DRZvfv%252F%252FHxDF%252BO5021pAnSA%253D%253D%26sprefix%3Dba%252Caps%252C283%26sr%3D1-4-0ed3791a-248a-486c-a919-e58e3b366666-spons%26sp_csd%3Dd2lkZ2V0TmFtZT1zcF9zZWFyY2hfdGhlbWF0aWM%26psc%3D1,"uppercase 22 Ltrs Large (14.6 inch) Laptop Backpack 2900EBP1 Bucket Outdoor 3x more water repellent sustainable bag with Rainproof zipper & Detachable organizer for Men, Women, Boys and Girls , 750 Days warranty","₹1,900",4.4 out of 5 stars,28,Care Instructions: Wipe with Damp Cloth    Handcrafted with care and made up of premium quality robust material; Wrinkle free bag and 3x more water resistant with Rainproof zippers    Right sized with sturdy stitching; Dimension: (28.6 cm x 17 cm x 46.1 cm),B0BC48NDJP,AcefourAccessoriesPvt.Ltd.
https://www.amazon.in/sspa/click?ie=UTF8&spc=MTo4OTU4NDEzMjc4MDQ5NzM1OjE2OTAyNzQ2Njk6c3Bfc2VhcmNoX3RoZW1hdGljOjIwMTIzNDg0NTE4NDk4Ojo0Ojo&url=%2FHEROZ-Hammer-Durable-Travel-Laptop%2Fdp%2FB07MGDFT9C%2Fref%3Dsxin_17_pa_sp_search_thematic_sspa%3Fcontent-id%3Damzn1.sym.ad613068-4e07-4c11-9002-4e34465b1e37%253Aamzn1.sym.ad613068-4e07-4c11-9002-4e34465b1e37%26crid%3D2M096C61O4MLT%26cv_ct_cx%3Dbags%26keywords%3Dbags%26pd_rd_i%3DB07MGDFT9C%26pd_rd_r%3Dea1fee28-f3a6-4f4e-8f4a-da4c1e696408%26pd_rd_w%3Dl7Yf5%26pd_rd_wg%3DSKV4M%26pf_rd_p%3Dad613068-4e07-4c11-9002-4e34465b1e37%26pf_rd_r%3D20HTY7NK6TRGG0SYSVAM%26qid%3D1690274669%26sbo%3DRZvfv%252F%252FHxDF%252BO5021pAnSA%253D%253D%26sprefix%3Dba%252Caps%252C283%26sr%3D1-5-0ed3791a-248a-486c-a919-e58e3b366666-spons%26sp_csd%3Dd2lkZ2V0TmFtZT1zcF9zZWFyY2hfdGhlbWF0aWM%26psc%3D1,HEROZ Hammer Unisex Nylon 45 L Travel Laptop Backpack Water Resistant Slim Durable Fits Up to 17.3 Inch Laptop Notebook (All) (Grey & Black),"₹1,439",4.3 out of 5 stars,"8,034","Warranty type: Manufacturer, 1 year domestic warranty<br> <br>    Special Features: Laptop Compartment; Pocket Description: Utility Pocket; Age Range Description: Adult; Closure Type: Zipper Snap; Pattern Name: Solid; Warranty Description: 1. Year Manufacturer Warranty; Strap Type: Chain; Compartment Description: Greater Than 17 Inches <br>",,"Heroz, A-630, Amar puri, Krishna Basti, Ram Tirath nagar. Pahar Ganj. New Deihi. 110055"
https://www.amazon.in/MosQuick%C2%AE-Drawstring-Organizing-Stationery-multipurpose/dp/B09SB5DP5Y/ref=sxin_26_trfobq2av2_0_B09SB5DP5Y?content-id=amzn1.sym.c1eb4b2a-b703-404b-a097-61cb8a5ee3cb%3Aamzn1.sym.c1eb4b2a-b703-404b-a097-61cb8a5ee3cb&crid=2M096C61O4MLT&cv_ct_cx=bags&keywords=bags&pd_rd_i=B09SB5DP5Y&pd_rd_r=ea1fee28-f3a6-4f4e-8f4a-da4c1e696408&pd_rd_w=JzGlA&pd_rd_wg=SKV4M&pf_rd_p=c1eb4b2a-b703-404b-a097-61cb8a5ee3cb&pf_rd_r=20HTY7NK6TRGG0SYSVAM&qid=1690274669&sbo=EO%2BcdOgoisx3waG5xqcZQA%3D%3D&sprefix=ba%2Caps%2C283&sr=1-1-973fd8bd-28ce-479e-8be4-fbaf1193947a,"MosQuick® Clear large Drawstring Bags Clear Plastic Travel Bags, Travel Garments Organizing Storage Plastic Bags ,Shoe bags , Stationery Bag,multipurpose bag - Translucent",₹310,4.0 out of 5 stars,69,"MULTIPLE USAGE: Drawstring plastic bag is designed in a way to be useful for many functions. Use it as drawstring shoe bag, clear gift bags for favors, traveling. Pack everything in clear plastic bags (packing toys, stationery, shoes, clothes, cosmetics) and keep it safely and comfortably!    PLASTIC TRAVEL BAGS: Travel shoe bags for packing are unprinted and feature impressive durability, so you can use clear drawstring bag as main means of storing for personal and business purposes.    HIGH QUALITY MATERIAL- The PE storage bags are made of high quality Chlorinated Polyethylene (CPE) sheet which is famed for its good features . the translucent feature helps us to easily view what is inside the bag    KEY FEATURES- Package Includes 2 Pcs Travel Plastic Bags , the quality drawstring plastic bags have flat edges with a 16"" height and 11"" width plus an extra 2"" bottom gusset.it has 2 cotton strings to pull and secure the bag and the contents.    CONVENIENT TO USE- Each drawstring bag comes with two flat satin drawstrings on both ends, making the bags open or close conveniently,and you can also be easy to carry your items in them with the strings.",B09SB5DP5Y,
https://www.amazon.in/Amazon-Brand-Presto-Oxo-Biodegradable-Garbage/dp/B0821PYKVK/ref=sxin_26_trfobq2av2_1_B0821PYKVK?content-id=amzn1.sym.c1eb4b2a-b703-404b-a097-61cb8a5ee3cb%3Aamzn1.sym.c1eb4b2a-b703-404b-a097-61cb8a5ee3cb&crid=2M096C61O4MLT&cv_ct_cx=bags&keywords=bags&pd_rd_i=B0821PYKVK&pd_rd_r=ea1fee28-f3a6-4f4e-8f4a-da4c1e696408&pd_rd_w=JzGlA&pd_rd_wg=SKV4M&pf_rd_p=c1eb4b2a-b703-404b-a097-61cb8a5ee3cb&pf_rd_r=20HTY7NK6TRGG0SYSVAM&qid=1690274669&rdc=1&sbo=Tc8eqSFhUl4VwMzbE4fw%2Fw%3D%3D&sprefix=ba%2Caps%2C283&sr=1-2-973fd8bd-28ce-479e-8be4-fbaf1193947a,"Presto! Oxo-Biodegradable Garbage Bags, Large (24 x 32 inches) - 15 bags/roll (Pack of 6, Black, plastic)",₹420,4.3 out of 5 stars,"29,893","Convenient for clean-up and garbage disposal    Package Contents - 6 Rolls of Oxo-Biodegradable Garbage Bags; Quantity: 15 per roll; Colour: Black    Multifunctional use; ideal for office, hotels, parties, household cleaning or storage    Detachable tie-tape to tie up bag after use    Dimensions - 61 cms x 81 cms; Size: Large    Oxo-Biodegradable Garbage Bags for your home and kitchen",B0821PYKVK,NarendarPlasticsPvt.Ltd
https://www.amazon.in/Amazon-Basics-Laptop-Backpack-Repellent/dp/B09W3XLDM2/ref=sxin_26_trfobq2av2_2_B09W3XLDM2?content-id=amzn1.sym.c1eb4b2a-b703-404b-a097-61cb8a5ee3cb%3Aamzn1.sym.c1eb4b2a-b703-404b-a097-61cb8a5ee3cb&crid=2M096C61O4MLT&cv_ct_cx=bags&keywords=bags&pd_rd_i=B09W3XLDM2&pd_rd_r=ea1fee28-f3a6-4f4e-8f4a-da4c1e696408&pd_rd_w=JzGlA&pd_rd_wg=SKV4M&pf_rd_p=c1eb4b2a-b703-404b-a097-61cb8a5ee3cb&pf_rd_r=20HTY7NK6TRGG0SYSVAM&qid=1690274669&sbo=RZvfv%2F%2FHxDF%2BO5021pAnSA%3D%3D&sprefix=ba%2Caps%2C283&sr=1-3-973fd8bd-28ce-479e-8be4-fbaf1193947a,AmazonBasics Laptop Backpack,₹329,4.2 out of 5 stars,651,"With a functional design, this Amazon Basics Laptop backpack has a single padded compartment for carrying any laptop up to 15.6 inches size easily and safely.    2 small zippered compartments that are best suited for storage.    Shoulder-friendly adjustable straps ensuring perfect fit.    Stylish look, ergonomic design, robust and made from durable, water repellent and wear resistant polyester material for long life.    Carry your laptop comfortably and safely in the this convenient and spacious Laptop Backpack.    Convenient and Versatile, suitable for various occasions.    Bag Volume, Weight and Size: 24L; ‎0.530 kg; 48 x 16.5 x 32 cm    Colour: Melange Slub Grey",,"TORG INDIA PVT. LTD., TORG INDIA PVT. LTD. #6, Samarpan Enclave, ECC Road, Whitefield, Bangalore,Karnataka 560066, India, Ph: +91 9620199222, avisekm@torgusa.com"
https://www.amazon.in/Backpack-Toddler-Animal-Cartoon-Travel/dp/B08D5RCWV9/ref=sxin_26_trfobq2av2_3_B08D5RCWV9?content-id=amzn1.sym.c1eb4b2a-b703-404b-a097-61cb8a5ee3cb%3Aamzn1.sym.c1eb4b2a-b703-404b-a097-61cb8a5ee3cb&crid=2M096C61O4MLT&cv_ct_cx=bags&keywords=bags&pd_rd_i=B08D5RCWV9&pd_rd_r=ea1fee28-f3a6-4f4e-8f4a-da4c1e696408&pd_rd_w=JzGlA&pd_rd_wg=SKV4M&pf_rd_p=c1eb4b2a-b703-404b-a097-61cb8a5ee3cb&pf_rd_r=20HTY7NK6TRGG0SYSVAM&qid=1690274669&sbo=RZvfv%2F%2FHxDF%2BO5021pAnSA%3D%3D&sprefix=ba%2Caps%2C283&sr=1-4-973fd8bd-28ce-479e-8be4-fbaf1193947a,Blue Tree Kids Backpack Mini Travel Bag 1-6 Years Cow,₹480,4.0 out of 5 stars,377,"☆DIMENSION:15x35x12inch/38x8x30cm(WxDxH).Weight:0.32kg/0.7lb. Front Pocket:12x9inch/30x23cm(WxH) Soft adjustable & breathable shoulder straps:8inch-20.8inch/20cm-53cm.    ☆ CUTE DESIGN:Made of super soft plush material and high quality smooth zipper accessories. Small backpack suitable for toddler baby kids girl and boy between 1-6 years old.    ☆ SPACIOUS:The toddler backpack presents a main compartment with cotton interior, which is large capacity and long-lasting. Perfectly for keeping and organizing books, toys, pencils and snacks, etc. With the matching pullers and smooth zippers, children could open and close the backpack easily. The front pocket is for keeping the small stuffs easy to reach.    ☆ Material:Non-Toxic And Soft Fabric good quality and Washable Soft And Cuddly Filling, Made By India And Embroidery Bag    ☆ Great Gift:Cute and Cool animal toddler school backpacks, Great Gift for kids with Lovely animal attractive design, Perfect for children going out for travel, preschool and Daycare center.",, recommended age‎24 months and up
https://www.amazon.in/AmazonBasics-Zippered-Storage-Bags-Window/dp/B07JJCJG5W/ref=sxin_26_trfobq2av2_4_B07JJCJG5W?content-id=amzn1.sym.c1eb4b2a-b703-404b-a097-61cb8a5ee3cb%3Aamzn1.sym.c1eb4b2a-b703-404b-a097-61cb8a5ee3cb&crid=2M096C61O4MLT&cv_ct_cx=bags&keywords=bags&pd_rd_i=B07JJCJG5W&pd_rd_r=ea1fee28-f3a6-4f4e-8f4a-da4c1e696408&pd_rd_w=JzGlA&pd_rd_wg=SKV4M&pf_rd_p=c1eb4b2a-b703-404b-a097-61cb8a5ee3cb&pf_rd_r=20HTY7NK6TRGG0SYSVAM&qid=1690274669&sbo=RZvfv%2F%2FHxDF%2BO5021pAnSA%3D%3D&sprefix=ba%2Caps%2C283&sr=1-5-973fd8bd-28ce-479e-8be4-fbaf1193947a,"AmazonBasics Zippered Storage Bag with Window, Rectangular",₹709,4.3 out of 5 stars,"1,718",Storage bag helps keep items safely stored and frees up extra closet and dresser space    Made of high-quality breathable canvas fabric with clear windows for easy viewing of stored items    Strong handles allow for conveniently pulling the bag off a shelf and carrying    Zipper closer helps keep dust and moisture out; can be easily folded flat and put away when not in use    Measures 23.6 by 17.7 by 11.3 inches; backed by an AmazonBasics 1-year limited warranty,,"Anqi Household Articles Co., Limited."
https://www.amazon.in/Blue-Tree-Velvet-Nursery-Travelling/dp/B07QX58HGR/ref=sxin_26_trfobq2av2_5_B07QX58HGR?content-id=amzn1.sym.c1eb4b2a-b703-404b-a097-61cb8a5ee3cb%3Aamzn1.sym.c1eb4b2a-b703-404b-a097-61cb8a5ee3cb&crid=2M096C61O4MLT&cv_ct_cx=bags&keywords=bags&pd_rd_i=B07QX58HGR&pd_rd_r=ea1fee28-f3a6-4f4e-8f4a-da4c1e696408&pd_rd_w=JzGlA&pd_rd_wg=SKV4M&pf_rd_p=c1eb4b2a-b703-404b-a097-61cb8a5ee3cb&pf_rd_r=20HTY7NK6TRGG0SYSVAM&qid=1690274669&sbo=RZvfv%2F%2FHxDF%2BO5021pAnSA%3D%3D&sprefix=ba%2Caps%2C283&sr=1-6-973fd8bd-28ce-479e-8be4-fbaf1193947a,Blue Tree Velvet Kids School/Nursery/Picnic/Carry/Travelling Bag - 2 to 5 Age (_Best_Red_Strawberry),"₹1,999",4.0 out of 5 stars,216,"Non-Toxic And Soft Fabric good quality and Washable; Soft And Cuddly Filling, Made By India And Printed Bag<br>    Very Attractive To Make You Have A Good Feeling All The Time,<br>    Gift this soft, smooth and cuddly Strawberry bag as a great gift to your loved one<br>    Soft Toy School Bag For Kids, Travelling Bag, Carry Bag, Picnic Bag, Teddy Bag<br>    Strap Type: Shoulder Strap; Pocket Description: Utility Pocket; Style Name: Travel Backpacks; Closure Type: Zipper<br>",, recommended age‎12 months and up
https://www.amazon.in/Blue-Tree-Velvet-Nursery-Travelling/dp/B07QTQ3CS7/ref=sxin_26_trfobq2av2_6_B07QTQ3CS7?content-id=amzn1.sym.c1eb4b2a-b703-404b-a097-61cb8a5ee3cb%3Aamzn1.sym.c1eb4b2a-b703-404b-a097-61cb8a5ee3cb&crid=2M096C61O4MLT&cv_ct_cx=bags&keywords=bags&pd_rd_i=B07QTQ3CS7&pd_rd_r=ea1fee28-f3a6-4f4e-8f4a-da4c1e696408&pd_rd_w=JzGlA&pd_rd_wg=SKV4M&pf_rd_p=c1eb4b2a-b703-404b-a097-61cb8a5ee3cb&pf_rd_r=20HTY7NK6TRGG0SYSVAM&qid=1690274669&sbo=RZvfv%2F%2FHxDF%2BO5021pAnSA%3D%3D&sprefix=ba%2Caps%2C283&sr=1-7-973fd8bd-28ce-479e-8be4-fbaf1193947a,Blue Tree Velvet Kids School/Nursery/Picnic/Carry/Travelling Bag - 2 to 5 Age (Best_Blue-Rabbit)Pack of 1,₹298,4.2 out of 5 stars,82,"Non-Toxic And Soft Fabric good quality and Washable; Soft And Cuddly Filling, Made By India And Printed Bag<br>    Very Attractive To Make You Have A Good Feeling All The Time,<br>    Gift this soft, smooth and cuddly teddy as a great gift to your loved one<br>    Soft Toy School Bag For Kids, Travelling Bag, Carry Bag, Picnic Bag, Teddy Bag<br>    Strap Type: Shoulder Strap<br>",, recommended age‎12 months and up
https://www.amazon.in/AmazonBasics-Vacuum-Compression-Storage-Bags/dp/B07RSCPH4N/ref=sxin_26_trfobq2av2_7_B07RSCPH4N?content-id=amzn1.sym.c1eb4b2a-b703-404b-a097-61cb8a5ee3cb%3Aamzn1.sym.c1eb4b2a-b703-404b-a097-61cb8a5ee3cb&crid=2M096C61O4MLT&cv_ct_cx=bags&keywords=bags&pd_rd_i=B07RSCPH4N&pd_rd_r=ea1fee28-f3a6-4f4e-8f4a-da4c1e696408&pd_rd_w=JzGlA&pd_rd_wg=SKV4M&pf_rd_p=c1eb4b2a-b703-404b-a097-61cb8a5ee3cb&pf_rd_r=20HTY7NK6TRGG0SYSVAM&qid=1690274669&sbo=RZvfv%2F%2FHxDF%2BO5021pAnSA%3D%3D&sprefix=ba%2Caps%2C283&sr=1-8-973fd8bd-28ce-479e-8be4-fbaf1193947a,"AmazonBasics Vacuum Compression Storage Bags with Hand Pump - Large, 5-Pack",₹999,4.5 out of 5 stars,"10,407","Set of heavy-duty plastic vacuum compression storage bags    Compress bulky textiles, clothing, linens, and more at an 80% size reduction    Protects items from moisture, dirt, insects, mold, odors, and more    Hand pump included, or connect to any standard vacuum cleaner hose for faster results    Heavy-duty valve and double seal zipper for air tight protection    5-pack of Large bags (80 x 60 cm)",,Ningbo Dropship International Co. ltd
https://www.amazon.in/sspa/click?ie=UTF8&spc=MToyODMzNTU3NTMyODcxNzAyOjE2OTAyNzQ2Njk6c3BfYXRmOjIwMDM4MzA5Nzg4Mjk4OjowOjo&url=%2FNumber-Backpack-Compartment-Charging-Organizer%2Fdp%2FB09VTDMRY7%2Fref%3Dsr_1_1_sspa%3Fcrid%3D2M096C61O4MLT%26keywords%3Dbags%26qid%3D1690274669%26sprefix%3Dba%252Caps%252C283%26sr%3D8-1-spons%26sp_csd%3Dd2lkZ2V0TmFtZT1zcF9hdGY%26psc%3D1,"FUR JADEN Anti Theft Number Lock Backpack Bag with 15.6 Inch Laptop Compartment, USB Charging Port & Organizer Pocket for Men Women Boys Girls",₹679,4.0 out of 5 stars,"4,941",Care Instructions: Wipe with Damp Cloth    Number Lock: This Fur Jaden Anti Theft laptop backpack comes equipped with a Number Lock. This helps keep your laptop and other belongings safe when you need to leave your bag unattended in a public space. The number lock sequence can be changed and customised by your directly.<br>    USB Charging Port: Now charge your devices on the go with your new Fur Jaden backpack without the hassle of carrying a bulk power bank in your pocket/ hand at all times.<br>    Ergonomic Design: This backpack has been designed to ensure equal weight distribution on your shoulders along with padded shoulder straps and breathable air mesh on the back.<br>    Dimension: 42 CM (L) x 30 CM (W) x 18 CM (D). Storage Capacity: 25L. Weight: 600 Grams; Warranty: 1 Year Manufacturer Warranty against Manufacturing Defects<br>    Age Range Description: Adult; Closure Type: Zipper; Lining Description: Polyester<br>,B09VTDMRY7,FURJADEN
https://www.amazon.in/sspa/click?ie=UTF8&spc=MToyODMzNTU3NTMyODcxNzAyOjE2OTAyNzQ2Njk6c3BfYXRmOjIwMTM1NDA1ODYzODk4OjowOjo&url=%2FFUR-JADEN-Backpack-Compartment-Organizer%2Fdp%2FB0BYSZ3TKW%2Fref%3Dsr_1_2_sspa%3Fcrid%3D2M096C61O4MLT%26keywords%3Dbags%26qid%3D1690274669%26sprefix%3Dba%252Caps%252C283%26sr%3D8-2-spons%26sp_csd%3Dd2lkZ2V0TmFtZT1zcF9hdGY%26psc%3D1,"FUR JADEN Anti Theft Number Lock Backpack Bag with 15.6 Inch Laptop Compartment, USB Charging Port & Organizer Pocket for Men Women Boys Girls",₹799,4.4 out of 5 stars,115,Care Instructions: Wipe with Damp Cloth    Number Lock: This Fur Jaden Anti Theft laptop backpack comes equipped with a Number Lock. This helps keep your laptop and other belongings safe when you need to leave your bag unattended in a public space. The number lock sequence can be changed and customised by your directly.    USB Charging Port: Now charge your devices on the go with your new Fur Jaden backpack without the hassle of carrying a bulk power bank in your pocket/ hand at all times.    Ergonomic Design: This backpack has been designed to ensure equal weight distribution on your shoulders along with padded shoulder straps and breathable air mesh on the back.    Dimension: 45 CM (L) x 30 CM (W) x 13 CM (D). Storage Capacity: 18L. Weight: 600 Grams.    Warranty: 1 Year Manufacturer Warranty against Manufacturing Defects,B0BYSZ3TKW,FURJADEN
https://www.amazon.in/American-Tourister-AMT-SCH-02/dp/B07CJCGM1M/ref=sr_1_3?crid=2M096C61O4MLT&keywords=bags&qid=1690274669&sprefix=ba%2Caps%2C283&sr=8-3,American Tourister Fizz Large Size 32 Ltrs Casual Backpack (BLACK),"₹1,199",4.0 out of 5 stars,"54,992","Laptop Compatibility: No, Strap Type: Adjustable, Trolley Support: No. With Rain Cover : No    Outer Material: Polyester, Color: Black    Water Resistance: Water resistant , not Waterproof    Capacity: 32 liters; Dimensions: 31.5 x 22 x 49.5 Centimeters    Number of Wheels: 0, Number of compartments: 3    Warranty type: Manufacturer; 1 year International warranty valid for 1 year from the original date of    Mesh pockets on both sides to accommodate your sipper or bottle and umbrella    Mesh Padding on back & shoulder strap to provide comfort & better back support",,Samsonite
https://www.amazon.in/Skybags-Brat-Black-Casual-Backpack/dp/B08Z1HHHTD/ref=sr_1_4?crid=2M096C61O4MLT&keywords=bags&qid=1690274669&sprefix=ba%2Caps%2C283&sr=8-4,Skybags Brat Black 46 Cms Casual Backpack,₹669,4.1 out of 5 stars,"5,198","Care Instructions: Hand Wash Only    Combination of functional & safety features in stylish design, Soft mesh back with 8 mm foam padded 2 Main Compartment, 1 Slip In Pocket inside the bag, Printed Design, Mesh bottle holder on the side,    Water Resistance Level: Not Water Resistant    Size: 35 x 13 x 46 cms",B08Z1HHHTD,VIPIndustriesLtd
https://www.amazon.in/Wesley-Milestone-Waterproof-Backpack-Business/dp/B084JGJ8PF/ref=sr_1_5?crid=2M096C61O4MLT&keywords=bags&qid=1690274669&sprefix=ba%2Caps%2C283&sr=8-5,Wesley Milestone 2.0 Casual Waterproof Laptop Backpack/Office Bag/School Bag/College Bag/Business Bag/Travel Backpack (Dimensions:13x18 inches) (Compatible with 39.62cm(15.6inch laptop) 30 L (Blue & black),₹598,4.3 out of 5 stars,"11,860","30L Capacity: The Backpack has a padded laptop compartment that can fit 15.6 inch laptop. It can also accommodate essentials such as a Lunch box, Charger, Tablet, Books, Power Bank, Wallet, and Sunglass.    Multi-Level Organizer: The backpack has a front zipper pocket for the ID card, Sanitizer, House keys, Pen. First compartment with pockets for the earphones, pens, notebook, Fitness Band. Spacious second compartment for all your electronics.    Ergonomic Design: Thick cushioning around the shoulders and on the back panel makes the backpack super light and comfortable on the move. “S” Shaped shoulder strap distribute the weight of the backpack across your upper body.    Made In India: Wesley Business Casual Backpack is fully manufactured in India and pass through stringent quality tests and checks    1 Year Warranty: The Wesley Business casual backpack comes with 1 year of warranty    Water Resistant Material: Advanced IPX4 coating on the material ensures resistance to water entering from any direction.",,"Wesley, Longani Trading Company, F-82, Sector-1, Bawana Industrial Area, Delhi-110039"
https://www.amazon.in/Half-Moon-Backpack-Luggage-Compartment/dp/B09VCLZ3K4/ref=sr_1_6?crid=2M096C61O4MLT&keywords=bags&qid=1690274669&sprefix=ba%2Caps%2C283&sr=8-6,Half Moon Large 37L Laptop Bag Backpack for menं Women Boys and Girls Luggage Travel Bags with 17.3 inches Laptop Compartment & Rain Cover,₹849,3.9 out of 5 stars,"3,239","This lightweight and spacious laptop bag with 3 compartments contains a dedicated 360 degree protected laptop compartment (up to 17""), so you can you can transport your tech with peace of mind. A Spacious second compartment for essentials like books and files, and a third compartment for extra items. Also features padded shoulder straps and side pockets for water bottles.    Carry your books and belongings with ease with this comfortable and durable bagpack! Featuring wide, padded, and adjustable shoulder straps and a padded back, this backpack can handle even heavy loads. Made with strong yet lightweight polyester fabric and heavy-duty zippers, it's built to last. Plus, it comes with a rain cover, perfect for those rainy school or college days.    Make a statement on your next trip with our smart and stylish backpack! With a trendy and athletic design, this multipurpose backpack is the perfect combination of style and adventure. Your trips, travel experience cannot get completed without this amazing trekking backpack.    Experience enduring and long-lasting performance with our backpack! Made with highly durable material, this backpack is suitable for all weather conditions, including heavy rains and extreme heat. It not only keeps your belongings safe but also resists damage to itself. So, don't settle for anything less.    FEATURES: Rain Cover, upto 17 inch Laptop compartment, Internal Organiser(Small Pockets), Strong and durable zippers, Adjustable Shoulder Handles (Straps) , 2 Bottle/Umbrella holders , Padded Handle , Padded Laptop Compartment , Ergonomic Design, Reflector Logo, etc",B09VCLZ3K4,AmazingBags
https://www.amazon.in/Half-Moon-Waterproof-Backpack-Students/dp/B085MHDJ93/ref=sr_1_7?crid=2M096C61O4MLT&keywords=bags&qid=1690274669&sprefix=ba%2Caps%2C283&sr=8-7,"Half Moon 35 Ltrs Water Resistant 15.6 inch Laptop Bag for Men/Backpack for Men, Navy Blue | Office Bag for Men/Office Bag for Women with Padded Laptop Compartment | Rain Cover & Reflective Strips",₹649,3.9 out of 5 stars,"16,604","Care Instructions: Hand Wash Only    SPACIOUS AND LIGHTWEIGHT: Light weight & spacious laptop bag for men comes with 3 compartments. One is for carrying laptop inside (Upto 17""), with padding for safety, and space for laptop accessories like charger, etc. Second compartment of office bag for men is for books, files & all your day to day essentials. And third compartment of backpack for men is for your extra stuff. Laptop backpacks for men has provision for holding bottles on both sides & has padded shoulder straps for your comfort    COMFORT WITH QUALITY: This backpack for men has Wide, Padded & Adjustable shoulder straps & Padded Back for comfort in carrying heavy items. The laptop bag for men is stitched properly & Bartacks on every pressure point for extra durability. The office bag for men are made with strong yet light weight polyester fabric with heavy zippers. College Bags for men also comes with a Rain cover so that you can travel during rainy season without any problem. This laptop bag can be used by everyone.    SMART & TRENDY LOOKS: This Large backpack for men is smart, trendy and stylish in looks. The multipurpose college bags for men looks smart, athletic and venturesome and the blend of grey and red makes it appear exquisite. Your hiking trips, mountaineering experience cannot get completed without this amazing trekking backpack. PREMIUM FABRIC : Premium Polyester, Stylish and durable backpack for school /college and travel. Easily accommodate a laptop. Size: 45 cm X 31 cm X 22 cm    ENDURING & LONG LASTING LAPTOP BACKPACK: This trekking backpack for men/laptop bag for men is made up of highly durable material, which makes it suitable for all weather conditions including rains & extreme scorching heat. It will not only keep the inside stuff safe but will also resist damage to itself. We have designed the bag keeping your comfort in mind. Shoulder has high density padding, with 3D ventilated air foam padding to prevent sweating & to help you lift heavy objects easily.    OTHER FEATURES OF LAPTOP BAG FOR MEN: The office bag for men / office bag for women has Strong and durable zippers, Adjustable Shoulder Handles (Straps) , 2 Bottle/Umbrella holders , Padded Handle , Padded Laptop Compartment (can carry laptops of size 13, 14, 15.6 & 17 inches), Reflector Logo.",B085MHDJ93,AmazingBags
https://www.amazon.in/Gear-Classic-Leather-Backpack-LBPCLSLTH0201/dp/B07G4F6XFH/ref=sr_1_8?crid=2M096C61O4MLT&keywords=bags&qid=1690274669&sprefix=ba%2Caps%2C283&sr=8-8,Gear Classic 20L Faux Leather Water Resistant Anti Theft Laptop Bag/Backpack for Men/Women (Brown),₹987,4.4 out of 5 stars,"5,922","Care Instructions: Hand Wash Only    Outer material: synthetic, color: brown    Waterproof    Capacity: 20 liters; Weight: 560 grams; Dimensions: 48 cms x 32 cms x 14 cms (LxWxH)    Number of compartments: 2    Laptop compatibility: yes, laptop size: 16strap type: adjustable    Anti theft waterproof bag with anti sweat fabric on back and shoulder straps",B07G4F6XFH,GearMerchandisePVTLTD
https://www.amazon.in/American-Tourister-BACKPACK-COMPARTMENT-ORGANIZER/dp/B0BTD4S4XF/ref=sr_1_9?crid=2M096C61O4MLT&keywords=bags&qid=1690274669&sprefix=ba%2Caps%2C283&sr=8-9,"American Tourister VALEX BLACK LAPTOP BACKPACK 28 Ltrs,Volume, LAPTOP COMPARTMENT, BOTTLE POCKET, FRONT ORGANIZER","₹1,299",4.3 out of 5 stars,572,,,
https://www.amazon.in/Gear-Black-Laptop-Backpack-LBPASPIRE0104/dp/B075MK4TXP/ref=sr_1_10?crid=2M096C61O4MLT&keywords=bags&qid=1690274669&sprefix=ba%2Caps%2C283&sr=8-10,Gear Cello 30 Ltrs Black Laptop Backpack (LBPASPIRE0104),"₹1,125",4.4 out of 5 stars,"5,922",,,
https://www.amazon.in/sspa/click?ie=UTF8&spc=MToyODMzNTU3NTMyODcxNzAyOjE2OTAyNzQ2Njk6c3BfbXRmOjIwMTU5NTMyNTQyNjk4OjowOjo&url=%2FEUME-Tourismo-Backpack-Resistance-15-6-inch%2Fdp%2FB0B4JNV37M%2Fref%3Dsr_1_11_sspa%3Fcrid%3D2M096C61O4MLT%26keywords%3Dbags%26qid%3D1690274669%26sprefix%3Dba%252Caps%252C283%26sr%3D8-11-spons%26sp_csd%3Dd2lkZ2V0TmFtZT1zcF9tdGY%26psc%3D1,EUME Tourismo 36L Laptop Backpack Bag with 2 Large Compartment for Work Office & Business Travel for Men & Women | Water Resistance | Fit Up to 16 Inch Laptop,"₹2,499",4.4 out of 5 stars,7,,,
https://www.amazon.in/TRUE-HUMAN-Anti-Theft-backpack-charging/dp/B09QJ7ZF2Y/ref=sr_1_13?crid=2M096C61O4MLT&keywords=bags&qid=1690274669&sprefix=ba%2Caps%2C283&sr=8-13,"TRUE HUMAN Emperor Anti-Theft backpack With USB charging Port Laptop Bag, Office bag, college bag and anti -theft back pocket (Black)",₹689,3.8 out of 5 stars,"2,320",,,
https://www.amazon.in/NORTH-ZONE-Waterproof-Backpack-Dimensions/dp/B0BS6QQZYN/ref=sr_1_14?crid=2M096C61O4MLT&keywords=bags&qid=1690274669&sprefix=ba%2Caps%2C283&sr=8-14,NORTH ZONE Casual Waterproof Laptop Backpack/Office Bag/School Bag/College Bag/Business Bag/Travel Backpack (Dimensions:13x18 inches) (Compatible with 39.62cm(15.6inch laptop) 30 L,₹630,4.0 out of 5 stars,482,,,
https://www.amazon.in/NORTH-ZONE-Lightweight-Backpacks-Stylish/dp/B0BL3TVDK6/ref=sr_1_15?crid=2M096C61O4MLT&keywords=bags&qid=1690274669&sprefix=ba%2Caps%2C283&sr=8-15,Northzone Lightweight school bags Backpacks for Boys Girls Stylish men and women Casual Travel Laptop Bag College office (Black) 40L,₹549,4.0 out of 5 stars,124,,,
https://www.amazon.in/ADISA-Laptop-Backpack-Office-College/dp/B09TPX22NF/ref=sr_1_16?crid=2M096C61O4MLT&keywords=bags&qid=1690274669&sprefix=ba%2Caps%2C283&sr=8-16,ADISA 15.6 inch Laptop Backpack Office Bag College Travel Back Pack 32 Ltrs (z-Navy Blue),₹499,3.9 out of 5 stars,"1,023",,,
https://www.amazon.in/Lenovo-15-6-Inches-Everyday-Backpack/dp/B08R7RPVJF/ref=sr_1_17?crid=2M096C61O4MLT&keywords=bags&qid=1690274669&sprefix=ba%2Caps%2C283&sr=8-17,"Lenovo 15.6"" (39.62cm) Slim Everyday Backpack, Made in India, Compact, Water-resistant, Organized storage:Laptop sleeve,tablet pocket,front workstation,2-side pockets,Padded adjustable shoulder straps",₹839,4.3 out of 5 stars,"3,729",,,
https://www.amazon.in/GEAR-Black-Blue-Backpack-years/dp/B019HA8AYG/ref=sr_1_18?crid=2M096C61O4MLT&keywords=bags&qid=1690274669&sprefix=ba%2Caps%2C283&sr=8-18,Gear CarryOn 16L Foldable Water Resistant School Bag//Backpack/College Bag for Men/Women - Blue Black,₹224,3.7 out of 5 stars,"6,844",,,
https://www.amazon.in/Nelle-Harper-Womens-Sling-Green/dp/B07JGQM7DC/ref=sr_1_19?crid=2M096C61O4MLT&keywords=bags&qid=1690274669&sprefix=ba%2Caps%2C283&sr=8-19,Nelle Harper Women's Handbag,₹809,3.7 out of 5 stars,"1,906",,,
https://www.amazon.in/American-Tourister-BACKPACK-COMPARTMENT-ORGANIZER/dp/B0BTD4FK9G/ref=sr_1_20?crid=2M096C61O4MLT&keywords=bags&qid=1690274669&sprefix=ba%2Caps%2C283&sr=8-20,"American Tourister VALEX BLUE LAPTOP BACKPACK 28 Ltrs,Volume, LAPTOP COMPARTMENT, BOTTLE POCKET, FRONT ORGANIZER","₹1,399",4.2 out of 5 stars,520,,,
https://www.amazon.in/sspa/click?ie=UTF8&spc=MToyODMzNTU3NTMyODcxNzAyOjE2OTAyNzQ2Njk6c3BfYnRmOjIwMTU3OTk0NzcyODk4OjowOjo&url=%2FImpulse-Seacon-Lite-Resistant-Grey%2Fdp%2FB0C3MM9MPK%2Fref%3Dsr_1_21_sspa%3Fcrid%3D2M096C61O4MLT%26keywords%3Dbags%26qid%3D1690274669%26sprefix%3Dba%252Caps%252C283%26sr%3D8-21-spons%26sp_csd%3Dd2lkZ2V0TmFtZT1zcF9idGY%26psc%3D1,Impulse Seacon Lite 35L Laptop Backpack/Office Bag/School Bag/College Bag/Business Bag/Travel Backpack Water Resistant Fits Up to 16 Inch Laptop with 1 Year Warranty(Grey),"₹1,439",4.0 out of 5 stars,1,,,
https://www.amazon.in/sspa/click?ie=UTF8&spc=MToyODMzNTU3NTMyODcxNzAyOjE2OTAyNzQ2Njk6c3BfYnRmOjIwMDIxNDI3OTc2NjA2OjowOjo&url=%2FKiller-Backpack-Compartments-Polyester-Waterproof%2Fdp%2FB07C9XHZT1%2Fref%3Dsr_1_22_sspa%3Fcrid%3D2M096C61O4MLT%26keywords%3Dbags%26qid%3D1690274669%26sprefix%3Dba%252Caps%252C283%26sr%3D8-22-spons%26sp_csd%3Dd2lkZ2V0TmFtZT1zcF9idGY%26psc%3D1,KILLER Louis 38L Large Laptop Backpack With 3 Compartments Polyester Trendy Waterproof Travel Backpack,"₹2,067",4.4 out of 5 stars,"11,419",,,
